Hailey Corckett, 9085 Danneffel Rd, Watervliet, MI, 49098,(269) 463-3773
Charlyn House, 108 Falcon Crst, Warner Robbins, GA, 31088, (478) 923-1553
Ivonne Burns, 119 Weste Ave, Jacksonville, NC, 28540, (910) 455-4027
Derek Dawson, 416 Murray Rd SW, Orangeburg, SC, 29115, (303) 535-4597
Dawson Mcgowan, 1404 S 31st Ave, Yakima, WA, 98902, (509) 469-2785
Johny Murray, 4130 Robinwood Cir, Bryant, AR, 72022, (501) 847-8446
Julius Sanford, 607 E Colbert St, Wynnewood, OK, 73098, (405) 665-1955
Walter Lopez, 1633 Laurel Leaf Ln, Fort Pierce, FL, 34950, (772) 801-5043
Theo Simon, 214 York St, West Haven, CT, 06516, (203) 467-0057
Ellie Frye, 3431 Bowens Rd, Tobaccoville, NC, 27050, (336) 922-1266
Rivka Diaz, 158 Park Dr, Glenview, IL, 60025, (847) 657-7942 
